Roll Number,Student ID,Name,Course,Email,Phone,Password
26032430001,26032430001,Kapil Menon,BCA,26032430001@gnu.ac.in,9876596103,student123
26032430002,26032430002,Vikram Pande,BCA,26032430002@gnu.ac.in,9876588885,student123
26032430003,26032430003,Ramesh Kaveti,BCA,26032430003@gnu.ac.in,9876536976,student123
26032430004,26032430004,Sarita Jana,BCA,26032430004@gnu.ac.in,9876533796,student123
26032430005,26032430005,Yamuna Hegde,BCA,26032430005@gnu.ac.in,9876551323,student123
26032430006,26032430006,Shubham Chakravarthy,BCA,26032430006@gnu.ac.in,9876537084,student123
26032430007,26032430007,Sunita Iyer,BCA,26032430007@gnu.ac.in,9876567470,student123
26032430008,26032430008,Siddharth Mannem,BCA,26032430008@gnu.ac.in,9876563443,student123
26032430009,26032430009,Avni Reddivari,BCA,26032430009@gnu.ac.in,9876542257,student123
26032430010,26032430010,Divya Korimerla,BCA,26032430010@gnu.ac.in,9876565573,student123
26032430011,26032430011,Ratan Shah,BCA,26032430011@gnu.ac.in,9876530990,student123
26032430012,26032430012,Sanjay Pandipilli,BCA,26032430012@gnu.ac.in,9876541889,student123
26032430013,26032430013,Harsh Karnad,BCA,26032430013@gnu.ac.in,9876517400,student123
26032430014,26032430014,Madhuri Garg,BCA,26032430014@gnu.ac.in,9876540977,student123
26032430015,26032430015,Geeta Mamidala,BCA,26032430015@gnu.ac.in,9876559490,student123
26032430016,26032430016,Rohit Mekala,BCA,26032430016@gnu.ac.in,9876578161,student123
26032430017,26032430017,Aisha Khandelwal,BCA,26032430017@gnu.ac.in,9876573748,student123
26032430018,26032430018,Myra Chaturvedi,BCA,26032430018@gnu.ac.in,9876523981,student123
26032430019,26032430019,Prem Sangem,BCA,26032430019@gnu.ac.in,9876574116,student123
26032430020,26032430020,Prem Madipelli,BCA,26032430020@gnu.ac.in,9876595212,student123
26032430021,26032430021,Basanti Mahajan,BCA,26032430021@gnu.ac.in,9876545191,student123
26032430022,26032430022,Mahesh Reddem,BCA,26032430022@gnu.ac.in,9876580594,student123
26032430023,26032430023,Kamala Chawla,BCA,26032430023@gnu.ac.in,9876558076,student123
26032430024,26032430024,Harsh Chaturvedi,BCA,26032430024@gnu.ac.in,9876533836,student123
26032430025,26032430025,Yamuna Menon,BCA,26032430025@gnu.ac.in,9876524187,student123
26032430026,26032430026,Sunil Holla,BCA,26032430026@gnu.ac.in,9876561103,student123
26032430027,26032430027,Kamala Pandipilli,BCA,26032430027@gnu.ac.in,9876576261,student123
26032430028,26032430028,Manish Shah,BCA,26032430028@gnu.ac.in,9876517481,student123
26032430029,26032430029,Mona Vaddadi,BCA,26032430029@gnu.ac.in,9876555541,student123
26032430030,26032430030,Durga Verma,BCA,26032430030@gnu.ac.in,9876543718,student123
26032430031,26032430031,Ravina Jain,BCA,26032430031@gnu.ac.in,9876519514,student123
26032430032,26032430032,Shreya Pandey,BCA,26032430032@gnu.ac.in,9876518898,student123
26032430033,26032430033,Priyanka Joshi,BCA,26032430033@gnu.ac.in,9876587104,student123
26032430034,26032430034,Kiran Mehta,BCA,26032430034@gnu.ac.in,9876559410,student123
26032430035,26032430035,Monika Donga,BCA,26032430035@gnu.ac.in,9876538808,student123
26032430036,26032430036,Richa Mamidala,BCA,26032430036@gnu.ac.in,9876528103,student123
26032430037,26032430037,Shreya Yadav,BCA,26032430037@gnu.ac.in,9876553410,student123
26032430038,26032430038,Madhuri Penmetsa,BCA,26032430038@gnu.ac.in,9876597343,student123
26032430039,26032430039,Manpreet Patha,BCA,26032430039@gnu.ac.in,9876598004,student123
26032430040,26032430040,Aisha Naidu,BCA,26032430040@gnu.ac.in,9876541607,student123
26032430041,26032430041,Ritu Allu,BCA,26032430041@gnu.ac.in,9876586419,student123
26032430042,26032430042,Seema Agarwal,BCA,26032430042@gnu.ac.in,9876569339,student123
26032430043,26032430043,Kamala Tiwari,BCA,26032430043@gnu.ac.in,9876546135,student123
26032430044,26032430044,Durga Kandukuri,BCA,26032430044@gnu.ac.in,9876519635,student123
26032430045,26032430045,Anita Reddivari,BCA,26032430045@gnu.ac.in,9876564319,student123
26032430046,26032430046,Anjali Singh,BCA,26032430046@gnu.ac.in,9876525536,student123
26032430047,26032430047,Aarti Chakravarthy,BCA,26032430047@gnu.ac.in,9876570197,student123
26032430048,26032430048,Seema Mungamuri,BCA,26032430048@gnu.ac.in,9876533062,student123
26032430049,26032430049,Aisha Gadde,BCA,26032430049@gnu.ac.in,9876510840,student123
26032430050,26032430050,Ravina Mishra,BCA,26032430050@gnu.ac.in,9876562703,student123
26032430051,26032430051,Anika Yandapalli,BCA,26032430051@gnu.ac.in,9876591983,student123
26032430052,26032430052,Monika Verma,BCA,26032430052@gnu.ac.in,9876578829,student123
26032430053,26032430053,Durga Nallagondu,BCA,26032430053@gnu.ac.in,9876543024,student123
26032430054,26032430054,Kavita Menon,BCA,26032430054@gnu.ac.in,9876524283,student123
26032430055,26032430055,Sarita Bhasin,BCA,26032430055@gnu.ac.in,9876567184,student123
26032430056,26032430056,Ganga Shah,BCA,26032430056@gnu.ac.in,9876534583,student123
26032430057,26032430057,Asha Katikineni,BCA,26032430057@gnu.ac.in,9876527784,student123
26032430058,26032430058,Basanti Reddy,BCA,26032430058@gnu.ac.in,9876577040,student123
26032430059,26032430059,Savita Kuncharapu,BCA,26032430059@gnu.ac.in,9876552744,student123
26032430060,26032430060,Madhuri Tiwari,BCA,26032430060@gnu.ac.in,9876588745,student123
26032400001,26032400001,Manish Gottumukkula,BSC-AIML,26032400001@gnu.ac.in,9876527651,student123
26032400002,26032400002,Harsh Madipelli,BSC-AIML,26032400002@gnu.ac.in,9876534575,student123
26032400003,26032400003,Basanti Linga,BSC-AIML,26032400003@gnu.ac.in,9876569257,student123
26032400004,26032400004,Raj Gupta,BSC-AIML,26032400004@gnu.ac.in,9876557480,student123
26032400005,26032400005,Rajesh Sharma,BSC-AIML,26032400005@gnu.ac.in,9876543459,student123
26032400006,26032400006,Rekha Agarwal,BSC-AIML,26032400006@gnu.ac.in,9876521948,student123
26032400007,26032400007,Seema Shukla,BSC-AIML,26032400007@gnu.ac.in,9876559258,student123
26032400008,26032400008,Shreya Nayak,BSC-AIML,26032400008@gnu.ac.in,9876512117,student123
26032400009,26032400009,Deepak Patha,BSC-AIML,26032400009@gnu.ac.in,9876552343,student123
26032400010,26032400010,Sunita Pai,BSC-AIML,26032400010@gnu.ac.in,9876593216,student123
26032400011,26032400011,Aarti Singh,BSC-AIML,26032400011@gnu.ac.in,9876574589,student123
26032400012,26032400012,Meera Tiwari,BSC-AIML,26032400012@gnu.ac.in,9876594887,student123
26032400013,26032400013,Rekha Nuka,BSC-AIML,26032400013@gnu.ac.in,9876515287,student123
26032400014,26032400014,Suresh Yandapalli,BSC-AIML,26032400014@gnu.ac.in,9876525446,student123
26032400015,26032400015,Girish Pai,BSC-AIML,26032400015@gnu.ac.in,9876525852,student123
26032400016,26032400016,Nikhil Rachamalla,BSC-AIML,26032400016@gnu.ac.in,9876547236,student123
26032400017,26032400017,Aakash Mungamuri,BSC-AIML,26032400017@gnu.ac.in,9876514806,student123
26032400018,26032400018,Amit Sabbella,BSC-AIML,26032400018@gnu.ac.in,9876598769,student123
26032400019,26032400019,Sneha Garrepally,BSC-AIML,26032400019@gnu.ac.in,9876525331,student123
26032400020,26032400020,Prisha Hegde,BSC-AIML,26032400020@gnu.ac.in,9876572997,student123
26032400021,26032400021,Kiran Nallagondu,BSC-AIML,26032400021@gnu.ac.in,9876549459,student123
26032400022,26032400022,Sunita Joshi,BSC-AIML,26032400022@gnu.ac.in,9876570524,student123
26032400023,26032400023,Kapil Patha,BSC-AIML,26032400023@gnu.ac.in,9876581326,student123
26032400024,26032400024,Anika Reddivari,BSC-AIML,26032400024@gnu.ac.in,9876513457,student123
26032400025,26032400025,Yamuna Kashyap,BSC-AIML,26032400025@gnu.ac.in,9876581757,student123
26032400026,26032400026,Kavita Singh,BSC-AIML,26032400026@gnu.ac.in,9876533356,student123
26032400027,26032400027,Ratan Pande,BSC-AIML,26032400027@gnu.ac.in,9876533387,student123
26032400028,26032400028,Shreya Mahindra,BSC-AIML,26032400028@gnu.ac.in,9876566726,student123
26032400029,26032400029,Sanjay Mekala,BSC-AIML,26032400029@gnu.ac.in,9876582734,student123
26032400030,26032400030,Vishal Kini,BSC-AIML,26032400030@gnu.ac.in,9876595800,student123
26032400031,26032400031,Geeta Thakur,BSC-AIML,26032400031@gnu.ac.in,9876581803,student123
26032400032,26032400032,Anjali Katikineni,BSC-AIML,26032400032@gnu.ac.in,9876519213,student123
26032400033,26032400033,Rekha Rawat,BSC-AIML,26032400033@gnu.ac.in,9876546744,student123
26032400034,26032400034,Shweta Vaddadi,BSC-AIML,26032400034@gnu.ac.in,9876596584,student123
26032400035,26032400035,Mona Mannem,BSC-AIML,26032400035@gnu.ac.in,9876518510,student123
26032400036,26032400036,Anita Saladi,BSC-AIML,26032400036@gnu.ac.in,9876520160,student123
26032400037,26032400037,Monika Desai,BSC-AIML,26032400037@gnu.ac.in,9876558313,student123
26032400038,26032400038,Navya Jain,BSC-AIML,26032400038@gnu.ac.in,9876529933,student123
26032400039,26032400039,Swati Kuncharapu,BSC-AIML,26032400039@gnu.ac.in,9876555795,student123
26032400040,26032400040,Basanti Yandapalli,BSC-AIML,26032400040@gnu.ac.in,9876585326,student123
26032400041,26032400041,Kavita Yandapalli,BSC-AIML,26032400041@gnu.ac.in,9876546654,student123
26032400042,26032400042,Sneha Madipelli,BSC-AIML,26032400042@gnu.ac.in,9876550541,student123
26032400043,26032400043,Anita Bobby,BSC-AIML,26032400043@gnu.ac.in,9876557203,student123
26032400044,26032400044,Richa Nayak,BSC-AIML,26032400044@gnu.ac.in,9876550444,student123
26032400045,26032400045,Madhuri Gottumukkula,BSC-AIML,26032400045@gnu.ac.in,9876561176,student123
26032400046,26032400046,Riya Chauhan,BSC-AIML,26032400046@gnu.ac.in,9876550961,student123
26032400047,26032400047,Shweta Mannem,BSC-AIML,26032400047@gnu.ac.in,9876510418,student123
26032400048,26032400048,Pooja Khandelwal,BSC-AIML,26032400048@gnu.ac.in,9876576806,student123
26032400049,26032400049,Durga Chawla,BSC-AIML,26032400049@gnu.ac.in,9876572216,student123
26032400050,26032400050,Madhuri Gajula,BSC-AIML,26032400050@gnu.ac.in,9876550432,student123
26032400051,26032400051,Monika Tripathi,BSC-AIML,26032400051@gnu.ac.in,9876581449,student123
26032400052,26032400052,Aarti Hegde,BSC-AIML,26032400052@gnu.ac.in,9876515924,student123
26032400053,26032400053,Ishita Arjun,BSC-AIML,26032400053@gnu.ac.in,9876529791,student123
26032400054,26032400054,Sneha Karnad,BSC-AIML,26032400054@gnu.ac.in,9876532817,student123
26032400055,26032400055,Priya Pabolu,BSC-AIML,26032400055@gnu.ac.in,9876537685,student123
26032400056,26032400056,Ananya Narayana,BSC-AIML,26032400056@gnu.ac.in,9876525501,student123
26032400057,26032400057,Kamala Tripathi,BSC-AIML,26032400057@gnu.ac.in,9876591338,student123
26032400058,26032400058,Neha Allu,BSC-AIML,26032400058@gnu.ac.in,9876569488,student123
26032400059,26032400059,Laxmi Bhasin,BSC-AIML,26032400059@gnu.ac.in,9876539759,student123
26032400060,26032400060,Asha Verma,BSC-AIML,26032400060@gnu.ac.in,9876584896,student123
26032433001,26032433001,Harsh Tripathi,BSC-CYBER,26032433001@gnu.ac.in,9876552379,student123
26032433002,26032433002,Nidhi Sana,BSC-CYBER,26032433002@gnu.ac.in,9876589251,student123
26032433003,26032433003,Sunita Raimendru,BSC-CYBER,26032433003@gnu.ac.in,9876577511,student123
26032433004,26032433004,Madhuri Gupta,BSC-CYBER,26032433004@gnu.ac.in,9876593153,student123
26032433005,26032433005,Parth Korimerla,BSC-CYBER,26032433005@gnu.ac.in,9876565841,student123
26032433006,26032433006,Vikram Chawla,BSC-CYBER,26032433006@gnu.ac.in,9876516768,student123
26032433007,26032433007,Aadhya Jain,BSC-CYBER,26032433007@gnu.ac.in,9876528815,student123
26032433008,26032433008,Tarun Pai,BSC-CYBER,26032433008@gnu.ac.in,9876588897,student123
26032433009,26032433009,Sanjay Penmetsa,BSC-CYBER,26032433009@gnu.ac.in,9876524247,student123
26032433010,26032433010,Ankit Chawla,BSC-CYBER,26032433010@gnu.ac.in,9876561047,student123
26032433011,26032433011,Ananya Hegde,BSC-CYBER,26032433011@gnu.ac.in,9876547702,student123
26032433012,26032433012,Gaurav Menon,BSC-CYBER,26032433012@gnu.ac.in,9876549403,student123
26032433013,26032433013,Suresh Chaturvedi,BSC-CYBER,26032433013@gnu.ac.in,9876581045,student123
26032433014,26032433014,Swati Verma,BSC-CYBER,26032433014@gnu.ac.in,9876569177,student123
26032433015,26032433015,Varun Upadhyay,BSC-CYBER,26032433015@gnu.ac.in,9876520601,student123
26032433016,26032433016,Prisha Bharadwaj,BSC-CYBER,26032433016@gnu.ac.in,9876557779,student123
26032433017,26032433017,Sarita Konathala,BSC-CYBER,26032433017@gnu.ac.in,9876599549,student123
26032433018,26032433018,Savita Gajula,BSC-CYBER,26032433018@gnu.ac.in,9876525914,student123
26032433019,26032433019,Anil Prasad,BSC-CYBER,26032433019@gnu.ac.in,9876590279,student123
26032433020,26032433020,Aakash Gupta,BSC-CYBER,26032433020@gnu.ac.in,9876529600,student123
26032433021,26032433021,Nisha Namala,BSC-CYBER,26032433021@gnu.ac.in,9876548866,student123
26032433022,26032433022,Ayush Kaveti,BSC-CYBER,26032433022@gnu.ac.in,9876512174,student123
26032433023,26032433023,Shreya Mandala,BSC-CYBER,26032433023@gnu.ac.in,9876561809,student123
26032433024,26032433024,Rashmi Nuka,BSC-CYBER,26032433024@gnu.ac.in,9876560761,student123
26032433025,26032433025,Yamuna Reddivari,BSC-CYBER,26032433025@gnu.ac.in,9876511783,student123
26032433026,26032433026,Geeta Rao,BSC-CYBER,26032433026@gnu.ac.in,9876511806,student123
26032433027,26032433027,Durga Holla,BSC-CYBER,26032433027@gnu.ac.in,9876536053,student123
26032433028,26032433028,Harsh Korimerla,BSC-CYBER,26032433028@gnu.ac.in,9876514114,student123
26032433029,26032433029,Laxmi Rao,BSC-CYBER,26032433029@gnu.ac.in,9876549304,student123
26032433030,26032433030,Myra Pasupuleti,BSC-CYBER,26032433030@gnu.ac.in,9876511454,student123
26032433031,26032433031,Nidhi Karnad,BSC-CYBER,26032433031@gnu.ac.in,9876550065,student123
26032433032,26032433032,Prisha Desai,BSC-CYBER,26032433032@gnu.ac.in,9876581751,student123
26032433033,26032433033,Savita Nuka,BSC-CYBER,26032433033@gnu.ac.in,9876510977,student123
26032433034,26032433034,Swati Kandukuri,BSC-CYBER,26032433034@gnu.ac.in,9876597039,student123
26032433035,26032433035,Sonia Pachava,BSC-CYBER,26032433035@gnu.ac.in,9876533443,student123
26032433036,26032433036,Seema Chawla,BSC-CYBER,26032433036@gnu.ac.in,9876596247,student123
26032433037,26032433037,Neha Pai,BSC-CYBER,26032433037@gnu.ac.in,9876597323,student123
26032433038,26032433038,Rashmi Gadde,BSC-CYBER,26032433038@gnu.ac.in,9876549329,student123
26032433039,26032433039,Shweta Rawat,BSC-CYBER,26032433039@gnu.ac.in,9876517189,student123
26032433040,26032433040,Deepika Trivedi,BSC-CYBER,26032433040@gnu.ac.in,9876585883,student123
26032433041,26032433041,Navya Gorthy,BSC-CYBER,26032433041@gnu.ac.in,9876542614,student123
26032433042,26032433042,Basanti Chaturvedi,BSC-CYBER,26032433042@gnu.ac.in,9876510752,student123
26032433043,26032433043,Ananya Gupta,BSC-CYBER,26032433043@gnu.ac.in,9876586003,student123
26032433044,26032433044,Nikita Singh,BSC-CYBER,26032433044@gnu.ac.in,9876524713,student123
26032433045,26032433045,Aadhya Sangem,BSC-CYBER,26032433045@gnu.ac.in,9876516635,student123
26032433046,26032433046,Richa Mannem,BSC-CYBER,26032433046@gnu.ac.in,9876514875,student123
26032433047,26032433047,Sneha Saladi,BSC-CYBER,26032433047@gnu.ac.in,9876558916,student123
26032433048,26032433048,Nisha Khandelwal,BSC-CYBER,26032433048@gnu.ac.in,9876536438,student123
26032433049,26032433049,Manpreet Holla,BSC-CYBER,26032433049@gnu.ac.in,9876523591,student123
26032433050,26032433050,Simran Verma,BSC-CYBER,26032433050@gnu.ac.in,9876583655,student123
26032433051,26032433051,Aarti Namala,BSC-CYBER,26032433051@gnu.ac.in,9876593759,student123
26032433052,26032433052,Ritu Mekala,BSC-CYBER,26032433052@gnu.ac.in,9876562834,student123
26032433053,26032433053,Laxmi Joshi,BSC-CYBER,26032433053@gnu.ac.in,9876558409,student123
26032433054,26032433054,Savita Nuka,BSC-CYBER,26032433054@gnu.ac.in,9876551203,student123
26032433055,26032433055,Rekha Gottumukkula,BSC-CYBER,26032433055@gnu.ac.in,9876553580,student123
26032433056,26032433056,Ananya Reddy,BSC-CYBER,26032433056@gnu.ac.in,9876593054,student123
26032433057,26032433057,Ritu Patel,BSC-CYBER,26032433057@gnu.ac.in,9876570545,student123
26032433058,26032433058,Sneha Pilli,BSC-CYBER,26032433058@gnu.ac.in,9876578541,student123
26032433059,26032433059,Ishita Pandipilli,BSC-CYBER,26032433059@gnu.ac.in,9876533589,student123
26032433060,26032433060,Anjali Saride,BSC-CYBER,26032433060@gnu.ac.in,9876558867,student123
26032432001,26032432001,Anika Menon,BSC-IMS,26032432001@gnu.ac.in,9876579895,student123
26032432002,26032432002,Laxmi Bhasin,BSC-IMS,26032432002@gnu.ac.in,9876595235,student123
26032432003,26032432003,Raj Hegde,BSC-IMS,26032432003@gnu.ac.in,9876510346,student123
26032432004,26032432004,Deepak Rachamalla,BSC-IMS,26032432004@gnu.ac.in,9876593658,student123
26032432005,26032432005,Riya Pandipilli,BSC-IMS,26032432005@gnu.ac.in,9876593787,student123
26032432006,26032432006,Gaurav Mahajan,BSC-IMS,26032432006@gnu.ac.in,9876567846,student123
26032432007,26032432007,Sunita Patel,BSC-IMS,26032432007@gnu.ac.in,9876520388,student123
26032432008,26032432008,Rajesh Repaka,BSC-IMS,26032432008@gnu.ac.in,9876541339,student123
26032432009,26032432009,Saksham Mungamuri,BSC-IMS,26032432009@gnu.ac.in,9876591972,student123
26032432010,26032432010,Anil Sana,BSC-IMS,26032432010@gnu.ac.in,9876555416,student123
26032432011,26032432011,Rekha Mandala,BSC-IMS,26032432011@gnu.ac.in,9876533083,student123
26032432012,26032432012,Geeta Pabolu,BSC-IMS,26032432012@gnu.ac.in,9876565840,student123
26032432013,26032432013,Rekha Sabbella,BSC-IMS,26032432013@gnu.ac.in,9876512531,student123
26032432014,26032432014,Akash Palle,BSC-IMS,26032432014@gnu.ac.in,9876591645,student123
26032432015,26032432015,Akash Kaveti,BSC-IMS,26032432015@gnu.ac.in,9876564057,student123
26032432016,26032432016,Asha Namala,BSC-IMS,26032432016@gnu.ac.in,9876539334,student123
26032432017,26032432017,Geeta Jain,BSC-IMS,26032432017@gnu.ac.in,9876570147,student123
26032432018,26032432018,Anil Damera,BSC-IMS,26032432018@gnu.ac.in,9876572191,student123
26032432019,26032432019,Aadhya Bharadwaj,BSC-IMS,26032432019@gnu.ac.in,9876524051,student123
26032432020,26032432020,Manish Arjun,BSC-IMS,26032432020@gnu.ac.in,9876598342,student123
26032432021,26032432021,Suresh Kotagiri,BSC-IMS,26032432021@gnu.ac.in,9876565241,student123
26032432022,26032432022,Asha Kolli,BSC-IMS,26032432022@gnu.ac.in,9876586389,student123
26032432023,26032432023,Utkarsh Bharadwaj,BSC-IMS,26032432023@gnu.ac.in,9876516792,student123
26032432024,26032432024,Monika Saladi,BSC-IMS,26032432024@gnu.ac.in,9876536567,student123
26032432025,26032432025,Divya Agarwal,BSC-IMS,26032432025@gnu.ac.in,9876510166,student123
26032432026,26032432026,Sunil Rao,BSC-IMS,26032432026@gnu.ac.in,9876537003,student123
26032432027,26032432027,Ramesh Bhasin,BSC-IMS,26032432027@gnu.ac.in,9876583301,student123
26032432028,26032432028,Laxmi Gadde,BSC-IMS,26032432028@gnu.ac.in,9876591799,student123
26032432029,26032432029,Suresh Seelam,BSC-IMS,26032432029@gnu.ac.in,9876523296,student123
26032432030,26032432030,Deepika Kaveti,BSC-IMS,26032432030@gnu.ac.in,9876592571,student123
26032432031,26032432031,Savita Chaturvedi,BSC-IMS,26032432031@gnu.ac.in,9876547401,student123
26032432032,26032432032,Sarita Penmetsa,BSC-IMS,26032432032@gnu.ac.in,9876541413,student123
26032432033,26032432033,Nisha Namala,BSC-IMS,26032432033@gnu.ac.in,9876599807,student123
26032432034,26032432034,Shweta Pachava,BSC-IMS,26032432034@gnu.ac.in,9876591597,student123
26032432035,26032432035,Nikita Pandipilli,BSC-IMS,26032432035@gnu.ac.in,9876544448,student123
26032432036,26032432036,Aarti Shetty,BSC-IMS,26032432036@gnu.ac.in,9876587628,student123
26032432037,26032432037,Divya Joshi,BSC-IMS,26032432037@gnu.ac.in,9876580602,student123
26032432038,26032432038,Anika Upadhyay,BSC-IMS,26032432038@gnu.ac.in,9876599704,student123
26032432039,26032432039,Harpreet Garrepally,BSC-IMS,26032432039@gnu.ac.in,9876533294,student123
26032432040,26032432040,Anita Nair,BSC-IMS,26032432040@gnu.ac.in,9876586689,student123
26032432041,26032432041,Anjali Yadav,BSC-IMS,26032432041@gnu.ac.in,9876526673,student123
26032432042,26032432042,Harpreet Kotagiri,BSC-IMS,26032432042@gnu.ac.in,9876566143,student123
26032432043,26032432043,Aisha Shetty,BSC-IMS,26032432043@gnu.ac.in,9876589080,student123
26032432044,26032432044,Prisha Kini,BSC-IMS,26032432044@gnu.ac.in,9876566841,student123
26032432045,26032432045,Kiran Acharya,BSC-IMS,26032432045@gnu.ac.in,9876549402,student123
26032432046,26032432046,Asha Damera,BSC-IMS,26032432046@gnu.ac.in,9876574718,student123
26032432047,26032432047,Prisha Mekala,BSC-IMS,26032432047@gnu.ac.in,9876561280,student123
26032432048,26032432048,Nidhi Singh,BSC-IMS,26032432048@gnu.ac.in,9876555981,student123
26032432049,26032432049,Kavita Maurya,BSC-IMS,26032432049@gnu.ac.in,9876595323,student123
26032432050,26032432050,Kamala Pande,BSC-IMS,26032432050@gnu.ac.in,9876597307,student123
26032432051,26032432051,Monika Mehta,BSC-IMS,26032432051@gnu.ac.in,9876518664,student123
26032432052,26032432052,Priya Bharadwaj,BSC-IMS,26032432052@gnu.ac.in,9876523763,student123
26032432053,26032432053,Deepika Bobby,BSC-IMS,26032432053@gnu.ac.in,9876560204,student123
26032432054,26032432054,Seema Verma,BSC-IMS,26032432054@gnu.ac.in,9876552284,student123
26032432055,26032432055,Pooja Desai,BSC-IMS,26032432055@gnu.ac.in,9876591528,student123
26032432056,26032432056,Avni Guduru,BSC-IMS,26032432056@gnu.ac.in,9876573755,student123
26032432057,26032432057,Swati Pabolu,BSC-IMS,26032432057@gnu.ac.in,9876528010,student123
26032432058,26032432058,Priyanka Mannem,BSC-IMS,26032432058@gnu.ac.in,9876563380,student123
26032432059,26032432059,Priyanka Hegde,BSC-IMS,26032432059@gnu.ac.in,9876540150,student123
26032432060,26032432060,Manpreet Mamidala,BSC-IMS,26032432060@gnu.ac.in,9876540064,student123
26032431001,26032431001,Siddharth Menon,BSC-IT,26032431001@gnu.ac.in,9876560357,student123
26032431002,26032431002,Aditya Singh,BSC-IT,26032431002@gnu.ac.in,9876538535,student123
26032431003,26032431003,Savita Bhat,BSC-IT,26032431003@gnu.ac.in,9876521719,student123
26032431004,26032431004,Vikram Gupta,BSC-IT,26032431004@gnu.ac.in,9876552284,student123
26032431005,26032431005,Ramesh Reddem,BSC-IT,26032431005@gnu.ac.in,9876577217,student123
26032431006,26032431006,Rajesh Prasad,BSC-IT,26032431006@gnu.ac.in,9876551559,student123
26032431007,26032431007,Vijay Naidu,BSC-IT,26032431007@gnu.ac.in,9876584413,student123
26032431008,26032431008,Myra Yandapalli,BSC-IT,26032431008@gnu.ac.in,9876524727,student123
26032431009,26032431009,Ashish Patlola,BSC-IT,26032431009@gnu.ac.in,9876564295,student123
26032431010,26032431010,Geeta Jana,BSC-IT,26032431010@gnu.ac.in,9876595770,student123
26032431011,26032431011,Riya Manda,BSC-IT,26032431011@gnu.ac.in,9876576068,student123
26032431012,26032431012,Yamuna Reddy,BSC-IT,26032431012@gnu.ac.in,9876570772,student123
26032431013,26032431013,Kshitij Bharadwaj,BSC-IT,26032431013@gnu.ac.in,9876564587,student123
26032431014,26032431014,Nisha Saladi,BSC-IT,26032431014@gnu.ac.in,9876563163,student123
26032431015,26032431015,Akash Pachava,BSC-IT,26032431015@gnu.ac.in,9876559045,student123
26032431016,26032431016,Sneha Kashyap,BSC-IT,26032431016@gnu.ac.in,9876576015,student123
26032431017,26032431017,Ganga Dwivedi,BSC-IT,26032431017@gnu.ac.in,9876585120,student123
26032431018,26032431018,Ananya Kaveti,BSC-IT,26032431018@gnu.ac.in,9876561348,student123
26032431019,26032431019,Vishal Peddapulu,BSC-IT,26032431019@gnu.ac.in,9876536313,student123
26032431020,26032431020,Vikram Kotagiri,BSC-IT,26032431020@gnu.ac.in,9876574402,student123
26032431021,26032431021,Raj Bhasin,BSC-IT,26032431021@gnu.ac.in,9876535639,student123
26032431022,26032431022,Vikram Thakur,BSC-IT,26032431022@gnu.ac.in,9876566279,student123
26032431023,26032431023,Durga Sangem,BSC-IT,26032431023@gnu.ac.in,9876566170,student123
26032431024,26032431024,Shubham Kumar,BSC-IT,26032431024@gnu.ac.in,9876548399,student123
26032431025,26032431025,Rashmi Dubey,BSC-IT,26032431025@gnu.ac.in,9876549831,student123
26032431026,26032431026,Rohit Mekala,BSC-IT,26032431026@gnu.ac.in,9876542502,student123
26032431027,26032431027,Geeta Repaka,BSC-IT,26032431027@gnu.ac.in,9876520648,student123
26032431028,26032431028,Parth Saladi,BSC-IT,26032431028@gnu.ac.in,9876546935,student123
26032431029,26032431029,Girish Kumar,BSC-IT,26032431029@gnu.ac.in,9876576699,student123
26032431030,26032431030,Seema Damera,BSC-IT,26032431030@gnu.ac.in,9876573381,student123
26032431031,26032431031,Rashmi Vaddadi,BSC-IT,26032431031@gnu.ac.in,9876599218,student123
26032431032,26032431032,Sarita Gupta,BSC-IT,26032431032@gnu.ac.in,9876520909,student123
26032431033,26032431033,Sarita Tripathi,BSC-IT,26032431033@gnu.ac.in,9876530414,student123
26032431034,26032431034,Ritu Rao,BSC-IT,26032431034@gnu.ac.in,9876596498,student123
26032431035,26032431035,Savita Damera,BSC-IT,26032431035@gnu.ac.in,9876545136,student123
26032431036,26032431036,Anita Mahindra,BSC-IT,26032431036@gnu.ac.in,9876565781,student123
26032431037,26032431037,Nidhi Jana,BSC-IT,26032431037@gnu.ac.in,9876595298,student123
26032431038,26032431038,Nidhi Kumar,BSC-IT,26032431038@gnu.ac.in,9876513005,student123
26032431039,26032431039,Pooja Thakur,BSC-IT,26032431039@gnu.ac.in,9876578437,student123
26032431040,26032431040,Monika Agarwal,BSC-IT,26032431040@gnu.ac.in,9876587426,student123
26032431041,26032431041,Asha Chowdary,BSC-IT,26032431041@gnu.ac.in,9876566760,student123
26032431042,26032431042,Richa Maddala,BSC-IT,26032431042@gnu.ac.in,9876512347,student123
26032431043,26032431043,Rashmi Acharya,BSC-IT,26032431043@gnu.ac.in,9876587809,student123
26032431044,26032431044,Nisha Penmetsa,BSC-IT,26032431044@gnu.ac.in,9876573997,student123
26032431045,26032431045,Savita Patlola,BSC-IT,26032431045@gnu.ac.in,9876529338,student123
26032431046,26032431046,Kiran Kaveti,BSC-IT,26032431046@gnu.ac.in,9876565999,student123
26032431047,26032431047,Pooja Kotagiri,BSC-IT,26032431047@gnu.ac.in,9876569368,student123
26032431048,26032431048,Harpreet Damera,BSC-IT,26032431048@gnu.ac.in,9876531007,student123
26032431049,26032431049,Mona Patha,BSC-IT,26032431049@gnu.ac.in,9876578616,student123
26032431050,26032431050,Anita Prasad,BSC-IT,26032431050@gnu.ac.in,9876560641,student123
26032431051,26032431051,Kiran Shah,BSC-IT,26032431051@gnu.ac.in,9876596464,student123
26032431052,26032431052,Shreya Maddala,BSC-IT,26032431052@gnu.ac.in,9876538669,student123
26032431053,26032431053,Kavita Chowdary,BSC-IT,26032431053@gnu.ac.in,9876533529,student123
26032431054,26032431054,Swati Rawat,BSC-IT,26032431054@gnu.ac.in,9876573603,student123
26032431055,26032431055,Aisha Dwivedi,BSC-IT,26032431055@gnu.ac.in,9876577203,student123
26032431056,26032431056,Nidhi Saladi,BSC-IT,26032431056@gnu.ac.in,9876551754,student123
26032431057,26032431057,Ishita Kandukuri,BSC-IT,26032431057@gnu.ac.in,9876564025,student123
26032431058,26032431058,Anita Pasupuleti,BSC-IT,26032431058@gnu.ac.in,9876572497,student123
26032431059,26032431059,Rashmi Palle,BSC-IT,26032431059@gnu.ac.in,9876590074,student123
26032431060,26032431060,Kiran Nallagondu,BSC-IT,26032431060@gnu.ac.in,9876561775,student123
26032440001,26032440001,Anika Sharma,BTECH-CSE,26032440001@gnu.ac.in,9876570958,student123
26032440002,26032440002,Kiran Joshi,BTECH-CSE,26032440002@gnu.ac.in,9876598567,student123
26032440003,26032440003,Varun Garg,BTECH-CSE,26032440003@gnu.ac.in,9876597929,student123
26032440004,26032440004,Ashish Tripathi,BTECH-CSE,26032440004@gnu.ac.in,9876529135,student123
26032440005,26032440005,Priya Trivedi,BTECH-CSE,26032440005@gnu.ac.in,9876519444,student123
26032440006,26032440006,Utkarsh Naidu,BTECH-CSE,26032440006@gnu.ac.in,9876521733,student123
26032440007,26032440007,Bhavna Shetty,BTECH-CSE,26032440007@gnu.ac.in,9876574320,student123
26032440008,26032440008,Aarti Chawla,BTECH-CSE,26032440008@gnu.ac.in,9876544500,student123
26032440009,26032440009,Jatin Kashyap,BTECH-CSE,26032440009@gnu.ac.in,9876563366,student123
26032440010,26032440010,Neha Mehta,BTECH-CSE,26032440010@gnu.ac.in,9876586691,student123
26032440011,26032440011,Saksham Tiwari,BTECH-CSE,26032440011@gnu.ac.in,9876553293,student123
26032440012,26032440012,Girish Pande,BTECH-CSE,26032440012@gnu.ac.in,9876579318,student123
26032440013,26032440013,Swati Kini,BTECH-CSE,26032440013@gnu.ac.in,9876579937,student123
26032440014,26032440014,Navya Shetty,BTECH-CSE,26032440014@gnu.ac.in,9876574956,student123
26032440015,26032440015,Shivam Shetty,BTECH-CSE,26032440015@gnu.ac.in,9876594913,student123
26032440016,26032440016,Riya Gupta,BTECH-CSE,26032440016@gnu.ac.in,9876523680,student123
26032440017,26032440017,Navya Gupta,BTECH-CSE,26032440017@gnu.ac.in,9876575445,student123
26032440018,26032440018,Nikhil Bhat,BTECH-CSE,26032440018@gnu.ac.in,9876554058,student123
26032440019,26032440019,Rashmi Jain,BTECH-CSE,26032440019@gnu.ac.in,9876556809,student123
26032440020,26032440020,Shreya Maurya,BTECH-CSE,26032440020@gnu.ac.in,9876545559,student123
26032440021,26032440021,Vijay Dave,BTECH-CSE,26032440021@gnu.ac.in,9876514547,student123
26032440022,26032440022,Deepak Reddy,BTECH-CSE,26032440022@gnu.ac.in,9876578853,student123
26032440023,26032440023,Aakash Chaturvedi,BTECH-CSE,26032440023@gnu.ac.in,9876517987,student123
26032440024,26032440024,Vikram Sinha,BTECH-CSE,26032440024@gnu.ac.in,9876557964,student123
26032440025,26032440025,Vikram Iyer,BTECH-CSE,26032440025@gnu.ac.in,9876560695,student123
26032440026,26032440026,Ritu Sharma,BTECH-CSE,26032440026@gnu.ac.in,9876510345,student123
26032440027,26032440027,Nikhil Naidu,BTECH-CSE,26032440027@gnu.ac.in,9876573206,student123
26032440028,26032440028,Suresh Joshi,BTECH-CSE,26032440028@gnu.ac.in,9876561350,student123
26032440029,26032440029,Kapil Shukla,BTECH-CSE,26032440029@gnu.ac.in,9876580874,student123
26032440030,26032440030,Karan Shetty,BTECH-CSE,26032440030@gnu.ac.in,9876578306,student123
26032440031,26032440031,Riya Yadav,BTECH-CSE,26032440031@gnu.ac.in,9876572798,student123
26032440032,26032440032,Rekha Mahajan,BTECH-CSE,26032440032@gnu.ac.in,9876593240,student123
26032440033,26032440033,Meera Pandey,BTECH-CSE,26032440033@gnu.ac.in,9876538426,student123
26032440034,26032440034,Nikita Singh,BTECH-CSE,26032440034@gnu.ac.in,9876596901,student123
26032440035,26032440035,Seema Acharya,BTECH-CSE,26032440035@gnu.ac.in,9876564327,student123
26032440036,26032440036,Avni Dubey,BTECH-CSE,26032440036@gnu.ac.in,9876578239,student123
26032440037,26032440037,Kavita Acharya,BTECH-CSE,26032440037@gnu.ac.in,9876545903,student123
26032440038,26032440038,Deepak Rawat,BTECH-CSE,26032440038@gnu.ac.in,9876531774,student123
26032440039,26032440039,Manoj Thakur,BTECH-CSE,26032440039@gnu.ac.in,9876512888,student123
26032440040,26032440040,Harsh Karnad,BTECH-CSE,26032440040@gnu.ac.in,9876591704,student123
26032440041,26032440041,Harish Karnad,BTECH-CSE,26032440041@gnu.ac.in,9876523664,student123
26032440042,26032440042,Shweta Mahajan,BTECH-CSE,26032440042@gnu.ac.in,9876525440,student123
26032440043,26032440043,Arjun Karnad,BTECH-CSE,26032440043@gnu.ac.in,9876513059,student123
26032440044,26032440044,Vikram Chaturvedi,BTECH-CSE,26032440044@gnu.ac.in,9876555433,student123
26032440045,26032440045,Pooja Patel,BTECH-CSE,26032440045@gnu.ac.in,9876565005,student123
26032440046,26032440046,Kamala Iyer,BTECH-CSE,26032440046@gnu.ac.in,9876535678,student123
26032440047,26032440047,Harish Dave,BTECH-CSE,26032440047@gnu.ac.in,9876585358,student123
26032440048,26032440048,Shivam Joshi,BTECH-CSE,26032440048@gnu.ac.in,9876539521,student123
26032440049,26032440049,Ashish Thakur,BTECH-CSE,26032440049@gnu.ac.in,9876512120,student123
26032440050,26032440050,Suresh Garg,BTECH-CSE,26032440050@gnu.ac.in,9876555599,student123
26032440051,26032440051,Rohit Agarwal,BTECH-CSE,26032440051@gnu.ac.in,9876548186,student123
26032440052,26032440052,Rashmi Rao,BTECH-CSE,26032440052@gnu.ac.in,9876563426,student123
26032440053,26032440053,Siddharth Acharya,BTECH-CSE,26032440053@gnu.ac.in,9876511422,student123
26032440054,26032440054,Sneha Sharma,BTECH-CSE,26032440054@gnu.ac.in,9876546565,student123
26032440055,26032440055,Sonia Patel,BTECH-CSE,26032440055@gnu.ac.in,9876525861,student123
26032440056,26032440056,Geeta Krishnan,BTECH-CSE,26032440056@gnu.ac.in,9876573727,student123
26032440057,26032440057,Aadhya Shukla,BTECH-CSE,26032440057@gnu.ac.in,9876560538,student123
26032440058,26032440058,Savita Chaturvedi,BTECH-CSE,26032440058@gnu.ac.in,9876543123,student123
26032440059,26032440059,Rahul Singh,BTECH-CSE,26032440059@gnu.ac.in,9876511808,student123
26032439001,26032439001,Anika Iyer,BTECH-IT,26032439001@gnu.ac.in,9876537726,student123
26032439002,26032439002,Ritu Gupta,BTECH-IT,26032439002@gnu.ac.in,9876592389,student123
26032439003,26032439003,Gurpreet Chaturvedi,BTECH-IT,26032439003@gnu.ac.in,9876561803,student123
26032439004,26032439004,Basanti Joshi,BTECH-IT,26032439004@gnu.ac.in,9876569899,student123
26032439005,26032439005,Asha Nair,BTECH-IT,26032439005@gnu.ac.in,9876565437,student123
26032439006,26032439006,Ashish Krishnan,BTECH-IT,26032439006@gnu.ac.in,9876569554,student123
26032439007,26032439007,Gurpreet Choudhary,BTECH-IT,26032439007@gnu.ac.in,9876529741,student123
26032439008,26032439008,Geeta Jain,BTECH-IT,26032439008@gnu.ac.in,9876529759,student123
26032439009,26032439009,Kamala Pandey,BTECH-IT,26032439009@gnu.ac.in,9876519529,student123
26032439010,26032439010,Priyanka Thakur,BTECH-IT,26032439010@gnu.ac.in,9876590285,student123
26032439011,26032439011,Varun Desai,BTECH-IT,26032439011@gnu.ac.in,9876546899,student123
26032439012,26032439012,Laxmi Nayak,BTECH-IT,26032439012@gnu.ac.in,9876520050,student123
26032439013,26032439013,Asha Agarwal,BTECH-IT,26032439013@gnu.ac.in,9876524819,student123
26032439014,26032439014,Swati Singh,BTECH-IT,26032439014@gnu.ac.in,9876579197,student123
26032439015,26032439015,Vishal Menon,BTECH-IT,26032439015@gnu.ac.in,9876588137,student123
26032439016,26032439016,Sonia Dubey,BTECH-IT,26032439016@gnu.ac.in,9876580388,student123
26032439017,26032439017,Basanti Menon,BTECH-IT,26032439017@gnu.ac.in,9876522965,student123
26032439018,26032439018,Nisha Reddy,BTECH-IT,26032439018@gnu.ac.in,9876522835,student123
26032439019,26032439019,Navya Prasad,BTECH-IT,26032439019@gnu.ac.in,9876594653,student123
26032439020,26032439020,Karan Agarwal,BTECH-IT,26032439020@gnu.ac.in,9876536250,student123
26032439021,26032439021,Rashmi Bhat,BTECH-IT,26032439021@gnu.ac.in,9876523410,student123
26032439022,26032439022,Madhuri Pai,BTECH-IT,26032439022@gnu.ac.in,9876546421,student123
26032439023,26032439023,Ritu Mahajan,BTECH-IT,26032439023@gnu.ac.in,9876527427,student123
26032439024,26032439024,Bhavna Singh,BTECH-IT,26032439024@gnu.ac.in,9876524446,student123
26032439025,26032439025,Navya Maurya,BTECH-IT,26032439025@gnu.ac.in,9876560567,student123
26032439026,26032439026,Anika Singh,BTECH-IT,26032439026@gnu.ac.in,9876562599,student123
26032439027,26032439027,Savita Upadhyay,BTECH-IT,26032439027@gnu.ac.in,9876543229,student123
26032439028,26032439028,Bhavna Kini,BTECH-IT,26032439028@gnu.ac.in,9876583434,student123
26032439029,26032439029,Yash Sharma,BTECH-IT,26032439029@gnu.ac.in,9876578446,student123
26032439030,26032439030,Sunita Pai,BTECH-IT,26032439030@gnu.ac.in,9876515046,student123
26032439031,26032439031,Aarti Shukla,BTECH-IT,26032439031@gnu.ac.in,9876558256,student123
26032439032,26032439032,Meera Shah,BTECH-IT,26032439032@gnu.ac.in,9876528725,student123
26032439033,26032439033,Yash Pandey,BTECH-IT,26032439033@gnu.ac.in,9876511462,student123
26032439034,26032439034,Harish Krishnan,BTECH-IT,26032439034@gnu.ac.in,9876523482,student123
26032439035,26032439035,Kavita Dave,BTECH-IT,26032439035@gnu.ac.in,9876548248,student123
26032439036,26032439036,Rajesh Reddy,BTECH-IT,26032439036@gnu.ac.in,9876542144,student123
26032439037,26032439037,Seema Sinha,BTECH-IT,26032439037@gnu.ac.in,9876593628,student123
26032439038,26032439038,Asha Kumar,BTECH-IT,26032439038@gnu.ac.in,9876553771,student123
26032439039,26032439039,Manpreet Reddy,BTECH-IT,26032439039@gnu.ac.in,9876538631,student123
26032439040,26032439040,Nikhil Desai,BTECH-IT,26032439040@gnu.ac.in,9876520588,student123
26032439041,26032439041,Pooja Dubey,BTECH-IT,26032439041@gnu.ac.in,9876541047,student123
26032439042,26032439042,Yamuna Pande,BTECH-IT,26032439042@gnu.ac.in,9876544290,student123
26032439043,26032439043,Jatin Bhat,BTECH-IT,26032439043@gnu.ac.in,9876579487,student123
26032439044,26032439044,Nisha Patel,BTECH-IT,26032439044@gnu.ac.in,9876548341,student123
26032439045,26032439045,Seema Naidu,BTECH-IT,26032439045@gnu.ac.in,9876514537,student123
26032439046,26032439046,Anjali Tiwari,BTECH-IT,26032439046@gnu.ac.in,9876551682,student123
26032439047,26032439047,Nidhi Dwivedi,BTECH-IT,26032439047@gnu.ac.in,9876526595,student123
26032439048,26032439048,Ishita Chaturvedi,BTECH-IT,26032439048@gnu.ac.in,9876555971,student123
26032439049,26032439049,Shreya Menon,BTECH-IT,26032439049@gnu.ac.in,9876525836,student123
26032439050,26032439050,Akash Kumar,BTECH-IT,26032439050@gnu.ac.in,9876515363,student123
26032439051,26032439051,Vikram Garg,BTECH-IT,26032439051@gnu.ac.in,9876595901,student123
26032439052,26032439052,Mona Gupta,BTECH-IT,26032439052@gnu.ac.in,9876548859,student123
26032439053,26032439053,Rohit Naidu,BTECH-IT,26032439053@gnu.ac.in,9876563821,student123
26032439054,26032439054,Seema Trivedi,BTECH-IT,26032439054@gnu.ac.in,9876523015,student123
26032439055,26032439055,Ravina Iyer,BTECH-IT,26032439055@gnu.ac.in,9876593032,student123
26032439056,26032439056,Rashmi Yadav,BTECH-IT,26032439056@gnu.ac.in,9876553978,student123
26032439057,26032439057,Aadhya Dave,BTECH-IT,26032439057@gnu.ac.in,9876524771,student123
26032439058,26032439058,Ankit Gupta,BTECH-IT,26032439058@gnu.ac.in,9876513393,student123
26032439059,26032439059,Kiran Rawat,BTECH-IT,26032439059@gnu.ac.in,9876514079,student123
26032434001,26032434001,Varun Mehta,MCA,26032434001@gnu.ac.in,9876541174,student123
26032434002,26032434002,Kavita Singh,MCA,26032434002@gnu.ac.in,9876531523,student123
26032434003,26032434003,Manoj Patlola,MCA,26032434003@gnu.ac.in,9876578975,student123
26032434004,26032434004,Asha Kashyap,MCA,26032434004@gnu.ac.in,9876542840,student123
26032434005,26032434005,Deepak Choudhary,MCA,26032434005@gnu.ac.in,9876525554,student123
26032434006,26032434006,Ishita Kandukuri,MCA,26032434006@gnu.ac.in,9876544008,student123
26032434007,26032434007,Yamuna Rao,MCA,26032434007@gnu.ac.in,9876584742,student123
26032434008,26032434008,Deepak Sinha,MCA,26032434008@gnu.ac.in,9876568151,student123
26032434009,26032434009,Deepak Sinha,MCA,26032434009@gnu.ac.in,9876565678,student123
26032434010,26032434010,Rahul Sana,MCA,26032434010@gnu.ac.in,9876558960,student123
26032434011,26032434011,Siddharth Iyer,MCA,26032434011@gnu.ac.in,9876531778,student123
26032434012,26032434012,Ramesh Iyer,MCA,26032434012@gnu.ac.in,9876581492,student123
26032434013,26032434013,Monika Jain,MCA,26032434013@gnu.ac.in,9876552555,student123
26032434014,26032434014,Ratan Arjun,MCA,26032434014@gnu.ac.in,9876519518,student123
26032434015,26032434015,Vijay Raimendru,MCA,26032434015@gnu.ac.in,9876536180,student123
26032434016,26032434016,Geeta Sangem,MCA,26032434016@gnu.ac.in,9876511662,student123
26032434017,26032434017,Ravi Polu,MCA,26032434017@gnu.ac.in,9876582436,student123
26032434018,26032434018,Nikita Mannem,MCA,26032434018@gnu.ac.in,9876550799,student123
26032434019,26032434019,Girish Pachava,MCA,26032434019@gnu.ac.in,9876543042,student123
26032434020,26032434020,Myra Rawat,MCA,26032434020@gnu.ac.in,9876537866,student123
26032434021,26032434021,Ravi Chowdary,MCA,26032434021@gnu.ac.in,9876588630,student123
26032434022,26032434022,Aadhya Pothuganti,MCA,26032434022@gnu.ac.in,9876586599,student123
26032434023,26032434023,Kiran Kuncharapu,MCA,26032434023@gnu.ac.in,9876545075,student123
26032434024,26032434024,Gaurav Palle,MCA,26032434024@gnu.ac.in,9876573056,student123
26032434025,26032434025,Varun Tiwari,MCA,26032434025@gnu.ac.in,9876540429,student123
26032434026,26032434026,Nikhil Raimendru,MCA,26032434026@gnu.ac.in,9876595659,student123
26032434027,26032434027,Sanjay Rachamalla,MCA,26032434027@gnu.ac.in,9876515855,student123
26032434028,26032434028,Parth Agarwal,MCA,26032434028@gnu.ac.in,9876556423,student123
26032434029,26032434029,Laxmi Raimendru,MCA,26032434029@gnu.ac.in,9876527702,student123
26032434030,26032434030,Ritu Penmetsa,MCA,26032434030@gnu.ac.in,9876593311,student123
26032434031,26032434031,Kamala Menon,MCA,26032434031@gnu.ac.in,9876539558,student123
26032434032,26032434032,Sneha Pothuganti,MCA,26032434032@gnu.ac.in,9876547524,student123
26032434033,26032434033,Durga Shetty,MCA,26032434033@gnu.ac.in,9876546016,student123
26032434034,26032434034,Ganga Patel,MCA,26032434034@gnu.ac.in,9876517790,student123
26032434035,26032434035,Geeta Pyla,MCA,26032434035@gnu.ac.in,9876569750,student123
26032434036,26032434036,Kiran Allu,MCA,26032434036@gnu.ac.in,9876549109,student123
26032434037,26032434037,Priya Kashyap,MCA,26032434037@gnu.ac.in,9876567796,student123
26032434038,26032434038,Ritu Karnad,MCA,26032434038@gnu.ac.in,9876552977,student123
26032434039,26032434039,Shreya Pothuganti,MCA,26032434039@gnu.ac.in,9876529838,student123
26032434040,26032434040,Divya Karnad,MCA,26032434040@gnu.ac.in,9876588932,student123
26032434041,26032434041,Nikita Penmetsa,MCA,26032434041@gnu.ac.in,9876524961,student123
26032434042,26032434042,Mona Iyer,MCA,26032434042@gnu.ac.in,9876581592,student123
26032434043,26032434043,Simran Joshi,MCA,26032434043@gnu.ac.in,9876515616,student123
26032434044,26032434044,Pooja Paltu,MCA,26032434044@gnu.ac.in,9876525733,student123
26032434045,26032434045,Pooja Rao,MCA,26032434045@gnu.ac.in,9876528654,student123
26032434046,26032434046,Durga Bhat,MCA,26032434046@gnu.ac.in,9876525654,student123
26032434047,26032434047,Madhuri Bhat,MCA,26032434047@gnu.ac.in,9876537166,student123
26032434048,26032434048,Geeta Prasad,MCA,26032434048@gnu.ac.in,9876564967,student123
26032434049,26032434049,Ravina Arjun,MCA,26032434049@gnu.ac.in,9876534386,student123
26032434050,26032434050,Anita Repaka,MCA,26032434050@gnu.ac.in,9876519235,student123
26032434051,26032434051,Simran Saladi,MCA,26032434051@gnu.ac.in,9876527008,student123
26032434052,26032434052,Avni Bhasin,MCA,26032434052@gnu.ac.in,9876598451,student123
26032434053,26032434053,Riya Kaveti,MCA,26032434053@gnu.ac.in,9876584089,student123
26032434054,26032434054,Harpreet Manda,MCA,26032434054@gnu.ac.in,9876586329,student123
26032434055,26032434055,Anika Nuka,MCA,26032434055@gnu.ac.in,9876597367,student123
26032434056,26032434056,Monika Pachava,MCA,26032434056@gnu.ac.in,9876536433,student123
26032434057,26032434057,Ishita Singam,MCA,26032434057@gnu.ac.in,9876547634,student123
26032434058,26032434058,Sarita Prasad,MCA,26032434058@gnu.ac.in,9876579352,student123
26032434059,26032434059,Harpreet Yadav,MCA,26032434059@gnu.ac.in,9876554172,student123
26032434060,26032434060,Rashmi Palle,MCA,26032434060@gnu.ac.in,9876564346,student123
26032438001,26032438001,Amit Rawat,MSC-AIML,26032438001@gnu.ac.in,9876560974,student123
26032438002,26032438002,Manpreet Nayak,MSC-AIML,26032438002@gnu.ac.in,9876583573,student123
26032438003,26032438003,Anjali Bharadwaj,MSC-AIML,26032438003@gnu.ac.in,9876530369,student123
26032438004,26032438004,Basanti Nayak,MSC-AIML,26032438004@gnu.ac.in,9876576960,student123
26032438005,26032438005,Ananya Choudhary,MSC-AIML,26032438005@gnu.ac.in,9876541544,student123
26032438006,26032438006,Riya Patel,MSC-AIML,26032438006@gnu.ac.in,9876539127,student123
26032438007,26032438007,Aarti Chaturvedi,MSC-AIML,26032438007@gnu.ac.in,9876515001,student123
26032438008,26032438008,Gaurav Gupta,MSC-AIML,26032438008@gnu.ac.in,9876524834,student123
26032438009,26032438009,Laxmi Acharya,MSC-AIML,26032438009@gnu.ac.in,9876515805,student123
26032438010,26032438010,Saksham Prasad,MSC-AIML,26032438010@gnu.ac.in,9876599085,student123
26032438011,26032438011,Mayank Mishra,MSC-AIML,26032438011@gnu.ac.in,9876542862,student123
26032438012,26032438012,Nilesh Holla,MSC-AIML,26032438012@gnu.ac.in,9876541978,student123
26032438013,26032438013,Vijay Chauhan,MSC-AIML,26032438013@gnu.ac.in,9876526378,student123
26032438014,26032438014,Rekha Shukla,MSC-AIML,26032438014@gnu.ac.in,9876571783,student123
26032438015,26032438015,Ashish Desai,MSC-AIML,26032438015@gnu.ac.in,9876597191,student123
26032438016,26032438016,Yamuna Nair,MSC-AIML,26032438016@gnu.ac.in,9876514317,student123
26032438017,26032438017,Ravina Kini,MSC-AIML,26032438017@gnu.ac.in,9876581542,student123
26032438018,26032438018,Geeta Shah,MSC-AIML,26032438018@gnu.ac.in,9876565044,student123
26032438019,26032438019,Nikhil Sinha,MSC-AIML,26032438019@gnu.ac.in,9876516218,student123
26032438020,26032438020,Deepika Mahajan,MSC-AIML,26032438020@gnu.ac.in,9876525026,student123
26032438021,26032438021,Rajesh Dwivedi,MSC-AIML,26032438021@gnu.ac.in,9876547409,student123
26032438022,26032438022,Myra Jain,MSC-AIML,26032438022@gnu.ac.in,9876514733,student123
26032438023,26032438023,Ravina Iyer,MSC-AIML,26032438023@gnu.ac.in,9876526780,student123
26032438024,26032438024,Simran Yadav,MSC-AIML,26032438024@gnu.ac.in,9876543718,student123
26032438025,26032438025,Nisha Kumar,MSC-AIML,26032438025@gnu.ac.in,9876556662,student123
26032438026,26032438026,Utkarsh Holla,MSC-AIML,26032438026@gnu.ac.in,9876529139,student123
26032438027,26032438027,Avni Gupta,MSC-AIML,26032438027@gnu.ac.in,9876583503,student123
26032438028,26032438028,Saksham Nayak,MSC-AIML,26032438028@gnu.ac.in,9876536796,student123
26032438029,26032438029,Monika Singh,MSC-AIML,26032438029@gnu.ac.in,9876526693,student123
26032438030,26032438030,Rohit Prasad,MSC-AIML,26032438030@gnu.ac.in,9876558685,student123
26032438031,26032438031,Vishal Rao,MSC-AIML,26032438031@gnu.ac.in,9876528478,student123
26032438032,26032438032,Anika Patel,MSC-AIML,26032438032@gnu.ac.in,9876593681,student123
26032438033,26032438033,Navya Bharadwaj,MSC-AIML,26032438033@gnu.ac.in,9876589084,student123
26032438034,26032438034,Nisha Tiwari,MSC-AIML,26032438034@gnu.ac.in,9876593370,student123
26032438035,26032438035,Nikita Dwivedi,MSC-AIML,26032438035@gnu.ac.in,9876562559,student123
26032438036,26032438036,Harpreet Khandelwal,MSC-AIML,26032438036@gnu.ac.in,9876591782,student123
26032438037,26032438037,Ritu Thakur,MSC-AIML,26032438037@gnu.ac.in,9876593392,student123
26032438038,26032438038,Sunita Chauhan,MSC-AIML,26032438038@gnu.ac.in,9876582265,student123
26032438039,26032438039,Vishal Pande,MSC-AIML,26032438039@gnu.ac.in,9876582552,student123
26032438040,26032438040,Shubham Maurya,MSC-AIML,26032438040@gnu.ac.in,9876543428,student123
26032438041,26032438041,Shreya Trivedi,MSC-AIML,26032438041@gnu.ac.in,9876515905,student123
26032438042,26032438042,Riya Naidu,MSC-AIML,26032438042@gnu.ac.in,9876514073,student123
26032438043,26032438043,Priyanka Hegde,MSC-AIML,26032438043@gnu.ac.in,9876585167,student123
26032438044,26032438044,Shreya Tripathi,MSC-AIML,26032438044@gnu.ac.in,9876518675,student123
26032438045,26032438045,Divya Shukla,MSC-AIML,26032438045@gnu.ac.in,9876571515,student123
26032438046,26032438046,Avni Trivedi,MSC-AIML,26032438046@gnu.ac.in,9876579964,student123
26032438047,26032438047,Bhavna Jain,MSC-AIML,26032438047@gnu.ac.in,9876524560,student123
26032438048,26032438048,Harsh Joshi,MSC-AIML,26032438048@gnu.ac.in,9876529798,student123
26032438049,26032438049,Richa Choudhary,MSC-AIML,26032438049@gnu.ac.in,9876522410,student123
26032438050,26032438050,Rishabh Garg,MSC-AIML,26032438050@gnu.ac.in,9876554623,student123
26032438051,26032438051,Harsh Rawat,MSC-AIML,26032438051@gnu.ac.in,9876592889,student123
26032438052,26032438052,Gurpreet Rawat,MSC-AIML,26032438052@gnu.ac.in,9876545250,student123
26032438053,26032438053,Simran Verma,MSC-AIML,26032438053@gnu.ac.in,9876527848,student123
26032438054,26032438054,Harsh Acharya,MSC-AIML,26032438054@gnu.ac.in,9876552132,student123
26032438055,26032438055,Rashmi Acharya,MSC-AIML,26032438055@gnu.ac.in,9876573125,student123
26032438056,26032438056,Ananya Verma,MSC-AIML,26032438056@gnu.ac.in,9876584213,student123
26032438057,26032438057,Savita Chauhan,MSC-AIML,26032438057@gnu.ac.in,9876546426,student123
26032438058,26032438058,Priyanka Prasad,MSC-AIML,26032438058@gnu.ac.in,9876531473,student123
26032438059,26032438059,Nikita Holla,MSC-AIML,26032438059@gnu.ac.in,9876519626,student123
26032438060,26032438060,Kiran Yadav,MSC-AIML,26032438060@gnu.ac.in,9876526209,student123
26032437001,26032437001,Sanjay Bhat,MSC-CYBER,26032437001@gnu.ac.in,9876526880,student123
26032437002,26032437002,Anika Hegde,MSC-CYBER,26032437002@gnu.ac.in,9876529520,student123
26032437003,26032437003,Harish Holla,MSC-CYBER,26032437003@gnu.ac.in,9876528266,student123
26032437004,26032437004,Asha Garg,MSC-CYBER,26032437004@gnu.ac.in,9876579010,student123
26032437005,26032437005,Rajesh Khandelwal,MSC-CYBER,26032437005@gnu.ac.in,9876532380,student123
26032437006,26032437006,Anika Singh,MSC-CYBER,26032437006@gnu.ac.in,9876546355,student123
26032437007,26032437007,Kamala Agarwal,MSC-CYBER,26032437007@gnu.ac.in,9876519091,student123
26032437008,26032437008,Simran Chawla,MSC-CYBER,26032437008@gnu.ac.in,9876536476,student123
26032437009,26032437009,Deepika Shetty,MSC-CYBER,26032437009@gnu.ac.in,9876590756,student123
26032437010,26032437010,Manpreet Shetty,MSC-CYBER,26032437010@gnu.ac.in,9876576943,student123
26032437011,26032437011,Shubham Patel,MSC-CYBER,26032437011@gnu.ac.in,9876519459,student123
26032437012,26032437012,Neha Mishra,MSC-CYBER,26032437012@gnu.ac.in,9876527410,student123
26032437013,26032437013,Vikram Chaturvedi,MSC-CYBER,26032437013@gnu.ac.in,9876582291,student123
26032437014,26032437014,Suresh Karnad,MSC-CYBER,26032437014@gnu.ac.in,9876514176,student123
26032437015,26032437015,Myra Karnad,MSC-CYBER,26032437015@gnu.ac.in,9876579583,student123
26032437016,26032437016,Rashmi Nayak,MSC-CYBER,26032437016@gnu.ac.in,9876583672,student123
26032437017,26032437017,Kavita Trivedi,MSC-CYBER,26032437017@gnu.ac.in,9876535537,student123
26032437018,26032437018,Nikhil Bhat,MSC-CYBER,26032437018@gnu.ac.in,9876583363,student123
26032437019,26032437019,Harsh Shukla,MSC-CYBER,26032437019@gnu.ac.in,9876510217,student123
26032437020,26032437020,Ritu Singh,MSC-CYBER,26032437020@gnu.ac.in,9876513882,student123
26032437021,26032437021,Yash Karnad,MSC-CYBER,26032437021@gnu.ac.in,9876538808,student123
26032437022,26032437022,Sneha Nair,MSC-CYBER,26032437022@gnu.ac.in,9876574400,student123
26032437023,26032437023,Anika Pai,MSC-CYBER,26032437023@gnu.ac.in,9876542508,student123
26032437024,26032437024,Kshitij Singh,MSC-CYBER,26032437024@gnu.ac.in,9876521645,student123
26032437025,26032437025,Rekha Nayak,MSC-CYBER,26032437025@gnu.ac.in,9876558263,student123
26032437026,26032437026,Pooja Mahajan,MSC-CYBER,26032437026@gnu.ac.in,9876525298,student123
26032437027,26032437027,Utkarsh Prasad,MSC-CYBER,26032437027@gnu.ac.in,9876553632,student123
26032437028,26032437028,Priya Shah,MSC-CYBER,26032437028@gnu.ac.in,9876547067,student123
26032437029,26032437029,Rashmi Karnad,MSC-CYBER,26032437029@gnu.ac.in,9876598142,student123
26032437030,26032437030,Avni Mahajan,MSC-CYBER,26032437030@gnu.ac.in,9876540403,student123
26032437031,26032437031,Kiran Gupta,MSC-CYBER,26032437031@gnu.ac.in,9876557975,student123
26032437032,26032437032,Deepika Dwivedi,MSC-CYBER,26032437032@gnu.ac.in,9876579854,student123
26032437033,26032437033,Rajesh Tiwari,MSC-CYBER,26032437033@gnu.ac.in,9876528640,student123
26032437034,26032437034,Yamuna Singh,MSC-CYBER,26032437034@gnu.ac.in,9876586881,student123
26032437035,26032437035,Sarita Kumar,MSC-CYBER,26032437035@gnu.ac.in,9876542192,student123
26032437036,26032437036,Ravina Hegde,MSC-CYBER,26032437036@gnu.ac.in,9876529045,student123
26032437037,26032437037,Meera Krishnan,MSC-CYBER,26032437037@gnu.ac.in,9876573967,student123
26032437038,26032437038,Geeta Rao,MSC-CYBER,26032437038@gnu.ac.in,9876582857,student123
26032437039,26032437039,Sanjay Choudhary,MSC-CYBER,26032437039@gnu.ac.in,9876563818,student123
26032437040,26032437040,Manoj Agarwal,MSC-CYBER,26032437040@gnu.ac.in,9876535461,student123
26032437041,26032437041,Ayush Hegde,MSC-CYBER,26032437041@gnu.ac.in,9876556044,student123
26032437042,26032437042,Jatin Singh,MSC-CYBER,26032437042@gnu.ac.in,9876566533,student123
26032437043,26032437043,Durga Chawla,MSC-CYBER,26032437043@gnu.ac.in,9876542852,student123
26032437044,26032437044,Amit Mehta,MSC-CYBER,26032437044@gnu.ac.in,9876564958,student123
26032437045,26032437045,Asha Mishra,MSC-CYBER,26032437045@gnu.ac.in,9876570617,student123
26032437046,26032437046,Swati Acharya,MSC-CYBER,26032437046@gnu.ac.in,9876567707,student123
26032437047,26032437047,Rahul Chawla,MSC-CYBER,26032437047@gnu.ac.in,9876512290,student123
26032437048,26032437048,Vijay Singh,MSC-CYBER,26032437048@gnu.ac.in,9876532226,student123
26032437049,26032437049,Divya Sinha,MSC-CYBER,26032437049@gnu.ac.in,9876525625,student123
26032437050,26032437050,Meera Nair,MSC-CYBER,26032437050@gnu.ac.in,9876530018,student123
26032437051,26032437051,Ravi Shah,MSC-CYBER,26032437051@gnu.ac.in,9876582561,student123
26032437052,26032437052,Sarita Prasad,MSC-CYBER,26032437052@gnu.ac.in,9876523631,student123
26032437053,26032437053,Aisha Tiwari,MSC-CYBER,26032437053@gnu.ac.in,9876514532,student123
26032437054,26032437054,Aakash Kini,MSC-CYBER,26032437054@gnu.ac.in,9876569604,student123
26032437055,26032437055,Arjun Gupta,MSC-CYBER,26032437055@gnu.ac.in,9876560990,student123
26032437056,26032437056,Parth Naidu,MSC-CYBER,26032437056@gnu.ac.in,9876572348,student123
26032437057,26032437057,Simran Rao,MSC-CYBER,26032437057@gnu.ac.in,9876578355,student123
26032437058,26032437058,Divya Sharma,MSC-CYBER,26032437058@gnu.ac.in,9876510015,student123
26032437059,26032437059,Rahul Chauhan,MSC-CYBER,26032437059@gnu.ac.in,9876585887,student123
26032436001,26032436001,Ananya Nuka,MSC-IMS,26032436001@gnu.ac.in,9876531448,student123
26032436002,26032436002,Meera Saride,MSC-IMS,26032436002@gnu.ac.in,9876592651,student123
26032436003,26032436003,Basanti Patel,MSC-IMS,26032436003@gnu.ac.in,9876538364,student123
26032436004,26032436004,Shivam Allu,MSC-IMS,26032436004@gnu.ac.in,9876563461,student123
26032436005,26032436005,Siddharth Dubey,MSC-IMS,26032436005@gnu.ac.in,9876520088,student123
26032436006,26032436006,Akash Rao,MSC-IMS,26032436006@gnu.ac.in,9876597076,student123
26032436007,26032436007,Ritu Sharma,MSC-IMS,26032436007@gnu.ac.in,9876586580,student123
26032436008,26032436008,Anil Saride,MSC-IMS,26032436008@gnu.ac.in,9876578776,student123
26032436009,26032436009,Avni Nair,MSC-IMS,26032436009@gnu.ac.in,9876561766,student123
26032436010,26032436010,Kiran Kini,MSC-IMS,26032436010@gnu.ac.in,9876538442,student123
26032436011,26032436011,Meera Palle,MSC-IMS,26032436011@gnu.ac.in,9876525165,student123
26032436012,26032436012,Harish Choudhary,MSC-IMS,26032436012@gnu.ac.in,9876564152,student123
26032436013,26032436013,Mona Kumar,MSC-IMS,26032436013@gnu.ac.in,9876510261,student123
26032436014,26032436014,Girish Gottumukkula,MSC-IMS,26032436014@gnu.ac.in,9876565296,student123
26032436015,26032436015,Ratan Tiwari,MSC-IMS,26032436015@gnu.ac.in,9876519408,student123
26032436016,26032436016,Nisha Desai,MSC-IMS,26032436016@gnu.ac.in,9876593377,student123
26032436017,26032436017,Durga Nair,MSC-IMS,26032436017@gnu.ac.in,9876560228,student123
26032436018,26032436018,Prem Shukla,MSC-IMS,26032436018@gnu.ac.in,9876584669,student123
26032436019,26032436019,Saksham Reddivari,MSC-IMS,26032436019@gnu.ac.in,9876525117,student123
26032436020,26032436020,Utkarsh Choudhary,MSC-IMS,26032436020@gnu.ac.in,9876523503,student123
26032436021,26032436021,Mona Karnad,MSC-IMS,26032436021@gnu.ac.in,9876590959,student123
26032436022,26032436022,Mayank Garg,MSC-IMS,26032436022@gnu.ac.in,9876588888,student123
26032436023,26032436023,Mona Saladi,MSC-IMS,26032436023@gnu.ac.in,9876516097,student123
26032436024,26032436024,Rakesh Pyla,MSC-IMS,26032436024@gnu.ac.in,9876566142,student123
26032436025,26032436025,Prisha Sangem,MSC-IMS,26032436025@gnu.ac.in,9876556357,student123
26032436026,26032436026,Vijay Bharadwaj,MSC-IMS,26032436026@gnu.ac.in,9876571608,student123
26032436027,26032436027,Ravi Pasupuleti,MSC-IMS,26032436027@gnu.ac.in,9876578435,student123
26032436028,26032436028,Akash Pande,MSC-IMS,26032436028@gnu.ac.in,9876571413,student123
26032436029,26032436029,Kiran Jana,MSC-IMS,26032436029@gnu.ac.in,9876534996,student123
26032436030,26032436030,Divya Katikineni,MSC-IMS,26032436030@gnu.ac.in,9876518907,student123
26032436031,26032436031,Aarti Singh,MSC-IMS,26032436031@gnu.ac.in,9876540628,student123
26032436032,26032436032,Ritu Karnad,MSC-IMS,26032436032@gnu.ac.in,9876571763,student123
26032436033,26032436033,Ganga Bharadwaj,MSC-IMS,26032436033@gnu.ac.in,9876515499,student123
26032436034,26032436034,Ritu Sinha,MSC-IMS,26032436034@gnu.ac.in,9876598385,student123
26032436035,26032436035,Sunita Reddivari,MSC-IMS,26032436035@gnu.ac.in,9876519722,student123
26032436036,26032436036,Harpreet Reddem,MSC-IMS,26032436036@gnu.ac.in,9876542854,student123
26032436037,26032436037,Anika Naidu,MSC-IMS,26032436037@gnu.ac.in,9876519298,student123
26032436038,26032436038,Rashmi Pande,MSC-IMS,26032436038@gnu.ac.in,9876599692,student123
26032436039,26032436039,Mona Paltu,MSC-IMS,26032436039@gnu.ac.in,9876568325,student123
26032436040,26032436040,Priyanka Pyla,MSC-IMS,26032436040@gnu.ac.in,9876573980,student123
26032436041,26032436041,Shweta Linga,MSC-IMS,26032436041@gnu.ac.in,9876582692,student123
26032436042,26032436042,Rashmi Reddem,MSC-IMS,26032436042@gnu.ac.in,9876592301,student123
26032436043,26032436043,Priya Nair,MSC-IMS,26032436043@gnu.ac.in,9876591044,student123
26032436044,26032436044,Manpreet Mahajan,MSC-IMS,26032436044@gnu.ac.in,9876565114,student123
26032436045,26032436045,Harpreet Chakravarthy,MSC-IMS,26032436045@gnu.ac.in,9876565217,student123
26032436046,26032436046,Meera Pande,MSC-IMS,26032436046@gnu.ac.in,9876579049,student123
26032436047,26032436047,Riya Jain,MSC-IMS,26032436047@gnu.ac.in,9876538207,student123
26032436048,26032436048,Madhuri Kashyap,MSC-IMS,26032436048@gnu.ac.in,9876595082,student123
26032436049,26032436049,Manish Bhat,MSC-IMS,26032436049@gnu.ac.in,9876510633,student123
26032436050,26032436050,Nikhil Prasad,MSC-IMS,26032436050@gnu.ac.in,9876573503,student123
26032436051,26032436051,Vikram Chawla,MSC-IMS,26032436051@gnu.ac.in,9876584232,student123
26032436052,26032436052,Seema Mishra,MSC-IMS,26032436052@gnu.ac.in,9876529532,student123
26032436053,26032436053,Meera Mishra,MSC-IMS,26032436053@gnu.ac.in,9876522989,student123
26032436054,26032436054,Geeta Mahajan,MSC-IMS,26032436054@gnu.ac.in,9876596144,student123
26032436055,26032436055,Parth Gupta,MSC-IMS,26032436055@gnu.ac.in,9876596389,student123
26032436056,26032436056,Durga Chaturvedi,MSC-IMS,26032436056@gnu.ac.in,9876537270,student123
26032436057,26032436057,Manpreet Menon,MSC-IMS,26032436057@gnu.ac.in,9876591264,student123
26032436058,26032436058,Laxmi Singh,MSC-IMS,26032436058@gnu.ac.in,9876553557,student123
26032436059,26032436059,Ashish Maurya,MSC-IMS,26032436059@gnu.ac.in,9876529074,student123
26032436060,26032436060,Shreya Kashyap,MSC-IMS,26032436060@gnu.ac.in,9876511361,student123
26032435001,26032435001,Sarita Dwivedi,MSC-IT,26032435001@gnu.ac.in,9876566522,student123
26032435002,26032435002,Rohit Rao,MSC-IT,26032435002@gnu.ac.in,9876540833,student123
26032435003,26032435003,Sanjay Pasupuleti,MSC-IT,26032435003@gnu.ac.in,9876592435,student123
26032435004,26032435004,Vikram Jain,MSC-IT,26032435004@gnu.ac.in,9876530497,student123
26032435005,26032435005,Mayank Guduru,MSC-IT,26032435005@gnu.ac.in,9876524118,student123
26032435006,26032435006,Siddharth Gottumukkula,MSC-IT,26032435006@gnu.ac.in,9876546802,student123
26032435007,26032435007,Basanti Singh,MSC-IT,26032435007@gnu.ac.in,9876593327,student123
26032435008,26032435008,Nikita Patlola,MSC-IT,26032435008@gnu.ac.in,9876520292,student123
26032435009,26032435009,Saksham Sagiri,MSC-IT,26032435009@gnu.ac.in,9876561248,student123
26032435010,26032435010,Kamala Chaturvedi,MSC-IT,26032435010@gnu.ac.in,9876540119,student123
26032435011,26032435011,Siddharth Agarwal,MSC-IT,26032435011@gnu.ac.in,9876592630,student123
26032435012,26032435012,Prisha Kashyap,MSC-IT,26032435012@gnu.ac.in,9876542310,student123
26032435013,26032435013,Shreya Pothuganti,MSC-IT,26032435013@gnu.ac.in,9876533521,student123
26032435014,26032435014,Avni Jain,MSC-IT,26032435014@gnu.ac.in,9876537401,student123
26032435015,26032435015,Manish Sabbella,MSC-IT,26032435015@gnu.ac.in,9876519895,student123
26032435016,26032435016,Aarti Korimerla,MSC-IT,26032435016@gnu.ac.in,9876546179,student123
26032435017,26032435017,Swati Kashyap,MSC-IT,26032435017@gnu.ac.in,9876523550,student123
26032435018,26032435018,Manoj Patel,MSC-IT,26032435018@gnu.ac.in,9876577850,student123
26032435019,26032435019,Rahul Polu,MSC-IT,26032435019@gnu.ac.in,9876564785,student123
26032435020,26032435020,Sarita Pilli,MSC-IT,26032435020@gnu.ac.in,9876546409,student123
26032435021,26032435021,Geeta Kaveti,MSC-IT,26032435021@gnu.ac.in,9876538489,student123
26032435022,26032435022,Shivam Rawat,MSC-IT,26032435022@gnu.ac.in,9876593895,student123
26032435023,26032435023,Varun Dubey,MSC-IT,26032435023@gnu.ac.in,9876545911,student123
26032435024,26032435024,Arjun Kashyap,MSC-IT,26032435024@gnu.ac.in,9876545923,student123
26032435025,26032435025,Vijay Gadde,MSC-IT,26032435025@gnu.ac.in,9876564694,student123
26032435026,26032435026,Tarun Manda,MSC-IT,26032435026@gnu.ac.in,9876546912,student123
26032435027,26032435027,Vijay Damera,MSC-IT,26032435027@gnu.ac.in,9876535221,student123
26032435028,26032435028,Tarun Narayana,MSC-IT,26032435028@gnu.ac.in,9876569607,student123
26032435029,26032435029,Ratan Kaveti,MSC-IT,26032435029@gnu.ac.in,9876599978,student123
26032435030,26032435030,Priya Nair,MSC-IT,26032435030@gnu.ac.in,9876552442,student123
26032435031,26032435031,Anika Kuncharapu,MSC-IT,26032435031@gnu.ac.in,9876584468,student123
26032435032,26032435032,Kiran Tiwari,MSC-IT,26032435032@gnu.ac.in,9876535957,student123
26032435033,26032435033,Savita Bharadwaj,MSC-IT,26032435033@gnu.ac.in,9876581944,student123
26032435034,26032435034,Myra Sabbella,MSC-IT,26032435034@gnu.ac.in,9876568734,student123
26032435035,26032435035,Monika Verma,MSC-IT,26032435035@gnu.ac.in,9876543232,student123
26032435036,26032435036,Kamala Choudhary,MSC-IT,26032435036@gnu.ac.in,9876573339,student123
26032435037,26032435037,Asha Paltu,MSC-IT,26032435037@gnu.ac.in,9876563579,student123
26032435038,26032435038,Kavita Yandapalli,MSC-IT,26032435038@gnu.ac.in,9876597812,student123
26032435039,26032435039,Shreya Reddem,MSC-IT,26032435039@gnu.ac.in,9876542093,student123
26032435040,26032435040,Rashmi Bobby,MSC-IT,26032435040@gnu.ac.in,9876596933,student123
26032435041,26032435041,Navya Krishnan,MSC-IT,26032435041@gnu.ac.in,9876535326,student123
26032435042,26032435042,Kavita Jana,MSC-IT,26032435042@gnu.ac.in,9876539540,student123
26032435043,26032435043,Basanti Mandala,MSC-IT,26032435043@gnu.ac.in,9876563522,student123
26032435044,26032435044,Ritu Seelam,MSC-IT,26032435044@gnu.ac.in,9876511756,student123
26032435045,26032435045,Richa Pasupuleti,MSC-IT,26032435045@gnu.ac.in,9876556558,student123
26032435046,26032435046,Anita Mehta,MSC-IT,26032435046@gnu.ac.in,9876535121,student123
26032435047,26032435047,Aarti Kuncharapu,MSC-IT,26032435047@gnu.ac.in,9876513114,student123
26032435048,26032435048,Madhuri Bhasin,MSC-IT,26032435048@gnu.ac.in,9876586667,student123
26032435049,26032435049,Asha Chauhan,MSC-IT,26032435049@gnu.ac.in,9876562961,student123
26032435050,26032435050,Gurpreet Chakravarthy,MSC-IT,26032435050@gnu.ac.in,9876588642,student123
26032435051,26032435051,Mona Singh,MSC-IT,26032435051@gnu.ac.in,9876570074,student123
26032435052,26032435052,Durga Gorthy,MSC-IT,26032435052@gnu.ac.in,9876548826,student123
26032435053,26032435053,Aarti Rawat,MSC-IT,26032435053@gnu.ac.in,9876577897,student123
26032435054,26032435054,Aadhya Narayana,MSC-IT,26032435054@gnu.ac.in,9876583142,student123
26032435055,26032435055,Divya Sangem,MSC-IT,26032435055@gnu.ac.in,9876552063,student123
26032435056,26032435056,Ritu Kumar,MSC-IT,26032435056@gnu.ac.in,9876521645,student123
26032435057,26032435057,Kavita Chakravarthy,MSC-IT,26032435057@gnu.ac.in,9876513084,student123
26032435058,26032435058,Navya Singh,MSC-IT,26032435058@gnu.ac.in,9876530894,student123
26032435059,26032435059,Navya Kini,MSC-IT,26032435059@gnu.ac.in,9876548857,student123
26032435060,26032435060,Pooja Konathala,MSC-IT,26032435060@gnu.ac.in,9876575431,student123
